{"cameraMode":{"drawMode":0,"name":"Shaded","section":"Shading Mode"},"sceneLighting":true,"audioPlay":false,"sceneViewState":{"showFog":true,"showMaterialUpdate":false,"showSkybox":true,"showFlares":true,"showImageEffects":true,"showParticleSystems":true},"in2DMode":false,"pivot":{"x":-11.913034439086914,"y":17.94447898864746,"z":-3.2657265663146974},"rotation":{"x":-0.11513155698776245,"y":-0.7047550082206726,"z":0.11757689714431763,"w":-0.6901019811630249},"size":15.292454719543457,"orthographic":false}